{
    "dl_results": [
        {
            "batch_size": 16,
            "max_length": 64,
            "accuracy": 0.858,
            "time": 29.064881563186646,
            "classification_report": "              precision    recall  f1-score   support\n\n         0.0       0.87      0.86      0.86       526\n         1.0       0.85      0.86      0.85       474\n\n    accuracy                           0.86      1000\n   macro avg       0.86      0.86      0.86      1000\nweighted avg       0.86      0.86      0.86      1000\n",
            "model_name": "RoBERTa",
            "recall_neg": 0.8593155893536122,
            "recall_pos": 0.8565400843881856,
            "f1_neg": 0.864244741873805,
            "f1_pos": 0.8511530398322851
        },
        {
            "batch_size": 16,
            "max_length": 128,
            "accuracy": 0.885,
            "time": 38.74116539955139,
            "classification_report": "              precision    recall  f1-score   support\n\n         0.0       0.91      0.87      0.89       526\n         1.0       0.86      0.90      0.88       474\n\n    accuracy                           0.89      1000\n   macro avg       0.88      0.89      0.88      1000\nweighted avg       0.89      0.89      0.89      1000\n",
            "model_name": "RoBERTa",
            "recall_neg": 0.8688212927756654,
            "recall_pos": 0.9029535864978903,
            "f1_neg": 0.8882410106899903,
            "f1_pos": 0.8815653964984552
        },
        {
            "batch_size": 16,
            "max_length": 256,
            "accuracy": 0.918,
            "time": 60.49779272079468,
            "classification_report": "              precision    recall  f1-score   support\n\n         0.0       0.90      0.94      0.92       526\n         1.0       0.94      0.89      0.91       474\n\n    accuracy                           0.92      1000\n   macro avg       0.92      0.92      0.92      1000\nweighted avg       0.92      0.92      0.92      1000\n",
            "model_name": "RoBERTa",
            "recall_neg": 0.9448669201520913,
            "recall_pos": 0.8881856540084389,
            "f1_neg": 0.9237918215613383,
            "f1_pos": 0.9112554112554112
        },
        {
            "batch_size": 32,
            "max_length": 64,
            "accuracy": 0.855,
            "time": 22.20462989807129,
            "classification_report": "              precision    recall  f1-score   support\n\n         0.0       0.90      0.81      0.85       526\n         1.0       0.81      0.90      0.86       474\n\n    accuracy                           0.85      1000\n   macro avg       0.86      0.86      0.85      1000\nweighted avg       0.86      0.85      0.85      1000\n",
            "model_name": "RoBERTa",
            "recall_neg": 0.811787072243346,
            "recall_pos": 0.9029535864978903,
            "f1_neg": 0.8548548548548549,
            "f1_pos": 0.8551448551448552
        },
        {
            "batch_size": 32,
            "max_length": 128,
            "accuracy": 0.91,
            "time": 31.65292525291443,
            "classification_report": "              precision    recall  f1-score   support\n\n         0.0       0.91      0.93      0.92       526\n         1.0       0.92      0.89      0.90       474\n\n    accuracy                           0.91      1000\n   macro avg       0.91      0.91      0.91      1000\nweighted avg       0.91      0.91      0.91      1000\n",
            "model_name": "RoBERTa",
            "recall_neg": 0.9258555133079848,
            "recall_pos": 0.8924050632911392,
            "f1_neg": 0.9154135338345865,
            "f1_pos": 0.9038461538461539
        },
        {
            "batch_size": 32,
            "max_length": 256,
            "accuracy": 0.922,
            "time": 55.53235054016113,
            "classification_report": "              precision    recall  f1-score   support\n\n         0.0       0.96      0.89      0.92       526\n         1.0       0.89      0.96      0.92       474\n\n    accuracy                           0.92      1000\n   macro avg       0.92      0.92      0.92      1000\nweighted avg       0.92      0.92      0.92      1000\n",
            "model_name": "RoBERTa",
            "recall_neg": 0.8916349809885932,
            "recall_pos": 0.9556962025316456,
            "f1_neg": 0.9232283464566929,
            "f1_pos": 0.9207317073170732
        },
        {
            "batch_size": 64,
            "max_length": 64,
            "accuracy": 0.85,
            "time": 17.53312611579895,
            "classification_report": "              precision    recall  f1-score   support\n\n         0.0       0.93      0.77      0.84       526\n         1.0       0.79      0.93      0.86       474\n\n    accuracy                           0.85      1000\n   macro avg       0.86      0.85      0.85      1000\nweighted avg       0.86      0.85      0.85      1000\n",
            "model_name": "RoBERTa",
            "recall_neg": 0.7737642585551331,
            "recall_pos": 0.9345991561181435,
            "f1_neg": 0.8443983402489627,
            "f1_pos": 0.8552123552123552
        },
        {
            "batch_size": 64,
            "max_length": 128,
            "accuracy": 0.893,
            "time": 28.64784860610962,
            "classification_report": "              precision    recall  f1-score   support\n\n         0.0       0.95      0.84      0.89       526\n         1.0       0.85      0.95      0.89       474\n\n    accuracy                           0.89      1000\n   macro avg       0.90      0.90      0.89      1000\nweighted avg       0.90      0.89      0.89      1000\n",
            "model_name": "RoBERTa",
            "recall_neg": 0.844106463878327,
            "recall_pos": 0.9472573839662447,
            "f1_neg": 0.892462311557789,
            "f1_pos": 0.8935323383084577
        },
        {
            "batch_size": 64,
            "max_length": 256,
            "accuracy": 0.906,
            "time": 51.88717222213745,
            "classification_report": "              precision    recall  f1-score   support\n\n         0.0       0.97      0.85      0.91       526\n         1.0       0.85      0.97      0.91       474\n\n    accuracy                           0.91      1000\n   macro avg       0.91      0.91      0.91      1000\nweighted avg       0.91      0.91      0.91      1000\n",
            "model_name": "RoBERTa",
            "recall_neg": 0.8384030418250951,
            "recall_pos": 0.9789029535864979,
            "f1_neg": 0.9027635619242579,
            "f1_pos": 0.9071358748778103
        }
    ]
}